{"cameraMode":{"drawMode":0,"name":"Shaded","section":"Shading Mode"},"sceneLighting":true,"audioPlay":false,"sceneViewState":{"m_AlwaysRefresh":false,"showFog":true,"showSkybox":true,"showFlares":true,"showImageEffects":true,"showParticleSystems":true,"showVisualEffectGraphs":true,"m_FxEnabled":true},"in2DMode":false,"pivot":{"x":0.1573861837387085,"y":0.9862591624259949,"z":1.3383281230926514},"rotation":{"x":-0.09838610142469406,"y":0.35060468316078188,"z":-0.03702162206172943,"w":-0.9306665062904358},"size":1.2514302730560303,"orthographic":false}