{"cameraMode":{"drawMode":0,"name":"Shaded","section":"Shading Mode"},"sceneLighting":true,"audioPlay":false,"sceneViewState":{"m_AlwaysRefresh":false,"showFog":true,"showSkybox":true,"showFlares":true,"showImageEffects":true,"showParticleSystems":true,"showVisualEffectGraphs":true,"m_FxEnabled":true},"in2DMode":false,"pivot":{"x":1.9947271347045899,"y":0.8825002908706665,"z":3.7272186279296877},"rotation":{"x":-0.0008812210871838033,"y":0.6630045175552368,"z":0.0008002007962204516,"w":0.7486345171928406},"size":7.086447715759277,"orthographic":false}