{"cameraMode":{"drawMode":0,"name":"Shaded","section":"Shading Mode"},"sceneLighting":true,"audioPlay":false,"sceneViewState":{"m_AlwaysRefresh":false,"showFog":true,"showSkybox":false,"showFlares":true,"showImageEffects":true,"showParticleSystems":true,"showVisualEffectGraphs":true,"m_FxEnabled":true},"in2DMode":false,"pivot":{"x":-2.1081838607788088,"y":2.39603328704834,"z":1.6715002059936524},"rotation":{"x":-0.0011150689097121359,"y":-0.9950329661369324,"z":0.09914255142211914,"w":-0.011020263656973839},"size":3.3211092948913576,"orthographic":false}